"","name","alpha.2","alpha.3","country.code","iso_3166.2","region","sub.region","region.code","sub.region.code","x","y"
"1","Afghanistan","AF","AFG",4,"ISO 3166-2:AF","Asia","Southern Asia",142,34,22,8
"2","Albania","AL","ALB",8,"ISO 3166-2:AL","Europe","Southern Europe",150,39,15,9
"3","Algeria","DZ","DZA",12,"ISO 3166-2:DZ","Africa","Northern Africa",2,15,13,11
"4","Angola","AO","AGO",24,"ISO 3166-2:AO","Africa","Middle Africa",2,17,13,17
"5","Antarctica","AQ","ATA",10,"ISO 3166-2:AQ","Antarctica",NA,NA,NA,15,23
"6","Antigua & Barbuda","AG","ATG",28,"ISO 3166-2:AG","Americas","Caribbean",19,29,7,4
"7","Argentina","AR","ARG",32,"ISO 3166-2:AR","Americas","South America",19,5,6,14
"8","Armenia","AM","ARM",51,"ISO 3166-2:AM","Asia","Western Asia",142,145,20,6
"9","Australia","AU","AUS",36,"ISO 3166-2:AU","Oceania","Australia and New Zealand",9,53,24,19
"10","Austria","AT","AUT",40,"ISO 3166-2:AT","Europe","Western Europe",150,155,15,6
"11","Azerbaijan","AZ","AZE",31,"ISO 3166-2:AZ","Asia","Western Asia",142,145,21,7
"12","Bahamas","BS","BHS",44,"ISO 3166-2:BS","Americas","Caribbean",19,29,4,2
"13","Bahrain","BH","BHR",48,"ISO 3166-2:BH","Asia","Western Asia",142,145,20,9
"14","Bangladesh","BD","BGD",50,"ISO 3166-2:BD","Asia","Southern Asia",142,34,23,8
"15","Barbados","BB","BRB",52,"ISO 3166-2:BB","Americas","Caribbean",19,29,8,6
"16","Belarus","BY","BLR",112,"ISO 3166-2:BY","Europe","Eastern Europe",150,151,17,4
"17","Belgium","BE","BEL",56,"ISO 3166-2:BE","Europe","Western Europe",150,155,13,5
"18","Belize","BZ","BLZ",84,"ISO 3166-2:BZ","Americas","Central America",19,13,2,3
"19","Benin","BJ","BEN",204,"ISO 3166-2:BJ","Africa","Western Africa",2,11,15,14
"20","Bhutan","BT","BTN",64,"ISO 3166-2:BT","Asia","Southern Asia",142,34,24,7
"21","Bolivia","BO","BOL",68,"ISO 3166-2:BO","Americas","South America",19,5,6,11
"22","Bosnia & Herzegovina","BA","BIH",70,"ISO 3166-2:BA","Europe","Southern Europe",150,39,15,7
"23","Botswana","BW","BWA",72,"ISO 3166-2:BW","Africa","Southern Africa",2,18,15,18
"24","Brazil","BR","BRA",76,"ISO 3166-2:BR","Americas","South America",19,5,8,11
"25","Brunei Darussalam","BN","BRN",96,"ISO 3166-2:BN","Asia","South-Eastern Asia",142,35,25,12
"26","Bulgaria","BG","BGR",100,"ISO 3166-2:BG","Europe","Eastern Europe",150,151,17,7
"27","Burkina Faso","BF","BFA",854,"ISO 3166-2:BF","Africa","Western Africa",2,11,13,13
"28","Burundi","BI","BDI",108,"ISO 3166-2:BI","Africa","Eastern Africa",2,14,15,16
"29","Cambodia","KH","KHM",116,"ISO 3166-2:KH","Asia","South-Eastern Asia",142,35,25,10
"30","Cameroon","CM","CMR",120,"ISO 3166-2:CM","Africa","Middle Africa",2,17,14,15
"31","Canada","CA","CAN",124,"ISO 3166-2:CA","Americas","Northern America",19,21,1,1
"32","Cabo Verde","CV","CPV",132,"ISO 3166-2:CV","Africa","Western Africa",2,11,10,15
"33","Central African Republic","CF","CAF",140,"ISO 3166-2:CF","Africa","Middle Africa",2,17,16,14
"34","Chad","TD","TCD",148,"ISO 3166-2:TD","Africa","Middle Africa",2,17,14,13
"35","Chile","CL","CHL",152,"ISO 3166-2:CL","Americas","South America",19,5,6,13
"36","China","CN","CHN",156,"ISO 3166-2:CN","Asia","Eastern Asia",142,30,24,6
"37","Colombia","CO","COL",170,"ISO 3166-2:CO","Americas","South America",19,5,5,9
"38","Comoros","KM","COM",174,"ISO 3166-2:KM","Africa","Eastern Africa",2,14,18,18
"39","Congo","CG","COG",178,"ISO 3166-2:CG","Africa","Middle Africa",2,17,14,16
"40","Congo (Democratic Republic of the)","CD","COD",180,"ISO 3166-2:CD","Africa","Middle Africa",2,17,15,15
"41","Costa Rica","CR","CRI",188,"ISO 3166-2:CR","Americas","Central America",19,13,3,7
"42","CÃ´te d'Ivoire","CI","CIV",384,"ISO 3166-2:CI","Africa","Western Africa",2,11,12,15
"43","Croatia","HR","HRV",191,"ISO 3166-2:HR","Europe","Southern Europe",150,39,14,7
"44","Cuba","CU","CUB",192,"ISO 3166-2:CU","Americas","Caribbean",19,29,4,3
"45","Cyprus","CY","CYP",196,"ISO 3166-2:CY","Asia","Western Asia",142,145,17,10
"46","Czech Republic","CZ","CZE",203,"ISO 3166-2:CZ","Europe","Eastern Europe",150,151,15,5
"47","Denmark","DK","DNK",208,"ISO 3166-2:DK","Europe","Northern Europe",150,154,14,3
"48","Djibouti","DJ","DJI",262,"ISO 3166-2:DJ","Africa","Eastern Africa",2,14,17,13
"49","Dominica","DM","DMA",212,"ISO 3166-2:DM","Americas","Caribbean",19,29,7,7
"50","Dominican Republic","DO","DOM",214,"ISO 3166-2:DO","Americas","Caribbean",19,29,6,4
"51","Ecuador","EC","ECU",218,"ISO 3166-2:EC","Americas","South America",19,5,5,10
"52","Egypt","EG","EGY",818,"ISO 3166-2:EG","Africa","Northern Africa",2,15,16,11
"53","El Salvador","SV","SLV",222,"ISO 3166-2:SV","Americas","Central America",19,13,1,5
"54","Equatorial Guinea","GQ","GNQ",226,"ISO 3166-2:GQ","Africa","Middle Africa",2,17,13,16
"55","Eritrea","ER","ERI",232,"ISO 3166-2:ER","Africa","Eastern Africa",2,14,16,13
"56","Estonia","EE","EST",233,"ISO 3166-2:EE","Europe","Northern Europe",150,154,17,2
"57","Ethiopia","ET","ETH",231,"ISO 3166-2:ET","Africa","Eastern Africa",2,14,17,14
"58","Fiji","FJ","FJI",242,"ISO 3166-2:FJ","Oceania","Melanesia",9,54,27,19
"59","Finland","FI","FIN",246,"ISO 3166-2:FI","Europe","Northern Europe",150,154,17,1
"60","France","FR","FRA",250,"ISO 3166-2:FR","Europe","Western Europe",150,155,12,5
"61","Gabon","GA","GAB",266,"ISO 3166-2:GA","Africa","Middle Africa",2,17,14,17
"62","Gambia","GM","GMB",270,"ISO 3166-2:GM","Africa","Western Africa",2,11,12,12
"63","Georgia","GE","GEO",268,"ISO 3166-2:GE","Asia","Western Asia",142,145,21,6
"64","Germany","DE","DEU",276,"ISO 3166-2:DE","Europe","Western Europe",150,155,14,4
"65","Ghana","GH","GHA",288,"ISO 3166-2:GH","Africa","Western Africa",2,11,13,14
"66","Greece","GR","GRC",300,"ISO 3166-2:GR","Europe","Southern Europe",150,39,16,9
"67","Greenland","GL","GRL",304,"ISO 3166-2:GL","Americas","Northern America",19,21,8,1
"68","Grenada","GD","GRD",308,"ISO 3166-2:GD","Americas","Caribbean",19,29,7,8
"69","Guatemala","GT","GTM",320,"ISO 3166-2:GT","Americas","Central America",19,13,1,4
"70","Guinea","GN","GIN",324,"ISO 3166-2:GN","Africa","Western Africa",2,11,11,14
"71","Guinea-Bissau","GW","GNB",624,"ISO 3166-2:GW","Africa","Western Africa",2,11,11,13
"72","Guyana","GY","GUY",328,"ISO 3166-2:GY","Americas","South America",19,5,6,10
"73","Haiti","HT","HTI",332,"ISO 3166-2:HT","Americas","Caribbean",19,29,5,4
"74","Honduras","HN","HND",340,"ISO 3166-2:HN","Americas","Central America",19,13,2,5
"75","Hungary","HU","HUN",348,"ISO 3166-2:HU","Europe","Eastern Europe",150,151,16,6
"76","Iceland","IS","ISL",352,"ISO 3166-2:IS","Europe","Northern Europe",150,154,10,1
"77","India","IN","IND",356,"ISO 3166-2:IN","Asia","Southern Asia",142,34,22,9
"78","Indonesia","ID","IDN",360,"ISO 3166-2:ID","Asia","South-Eastern Asia",142,35,25,13
"79","Iran (Islamic Republic of)","IR","IRN",364,"ISO 3166-2:IR","Asia","Southern Asia",142,34,20,8
"80","Iraq","IQ","IRQ",368,"ISO 3166-2:IQ","Asia","Western Asia",142,145,20,7
"81","Ireland","IE","IRL",372,"ISO 3166-2:IE","Europe","Northern Europe",150,154,10,4
"82","Israel","IL","ISR",376,"ISO 3166-2:IL","Asia","Western Asia",142,145,18,10
"83","Italy","IT","ITA",380,"ISO 3166-2:IT","Europe","Southern Europe",150,39,13,7
"84","Jamaica","JM","JAM",388,"ISO 3166-2:JM","Americas","Caribbean",19,29,4,4
"85","Japan","JP","JPN",392,"ISO 3166-2:JP","Asia","Eastern Asia",142,30,27,6
"86","Jordan","JO","JOR",400,"ISO 3166-2:JO","Asia","Western Asia",142,145,18,8
"87","Kazakhstan","KZ","KAZ",398,"ISO 3166-2:KZ","Asia","Central Asia",142,143,24,5
"88","Kenya","KE","KEN",404,"ISO 3166-2:KE","Africa","Eastern Africa",2,14,17,15
"89","Kiribati","KI","KIR",296,"ISO 3166-2:KI","Oceania","Micronesia",9,57,27,17
"90","North Korea","KP","PRK",408,"ISO 3166-2:KP","Asia","Eastern Asia",142,30,25,6
"91","South Korea","KR","KOR",410,"ISO 3166-2:KR","Asia","Eastern Asia",142,30,25,7
"92","Kosovo","XK","XKX",383,"ISO 3166-2:XK","Europe","Southern Europe",142,30,16,8
"93","Kuwait","KW","KWT",414,"ISO 3166-2:KW","Asia","Western Asia",142,145,19,8
"94","Kyrgyzstan","KG","KGZ",417,"ISO 3166-2:KG","Asia","Central Asia",142,143,23,6
"95","Lao People's Democratic Republic","LA","LAO",418,"ISO 3166-2:LA","Asia","South-Eastern Asia",142,35,25,9
"96","Latvia","LV","LVA",428,"ISO 3166-2:LV","Europe","Northern Europe",150,154,17,3
"97","Lebanon","LB","LBN",422,"ISO 3166-2:LB","Asia","Western Asia",142,145,18,9
"98","Lesotho","LS","LSO",426,"ISO 3166-2:LS","Africa","Southern Africa",2,18,17,19
"99","Liberia","LR","LBR",430,"ISO 3166-2:LR","Africa","Western Africa",2,11,12,14
"100","Libya","LY","LBY",434,"ISO 3166-2:LY","Africa","Northern Africa",2,15,15,11
"101","Lithuania","LT","LTU",440,"ISO 3166-2:LT","Europe","Northern Europe",150,154,16,4
"102","Luxembourg","LU","LUX",442,"ISO 3166-2:LU","Europe","Western Europe",150,155,13,6
"103","Macedonia","MK","MKD",807,"ISO 3166-2:MK","Europe","Southern Europe",150,39,17,8
"104","Madagascar","MG","MDG",450,"ISO 3166-2:MG","Africa","Eastern Africa",2,14,19,19
"105","Malawi","MW","MWI",454,"ISO 3166-2:MW","Africa","Eastern Africa",2,14,15,17
"106","Malaysia","MY","MYS",458,"ISO 3166-2:MY","Asia","South-Eastern Asia",142,35,24,11
"107","Maldives","MV","MDV",462,"ISO 3166-2:MV","Asia","Southern Asia",142,34,21,12
"108","Mali","ML","MLI",466,"ISO 3166-2:ML","Africa","Western Africa",2,11,14,12
"109","Malta","MT","MLT",470,"ISO 3166-2:MT","Europe","Southern Europe",150,39,11,8
"110","Marshall Islands","MH","MHL",584,"ISO 3166-2:MH","Oceania","Micronesia",9,57,26,15
"111","Mauritania","MR","MRT",478,"ISO 3166-2:MR","Africa","Western Africa",2,11,11,12
"112","Mauritius","MU","MUS",480,"ISO 3166-2:MU","Africa","Eastern Africa",2,14,19,20
"113","Mexico","MX","MEX",484,"ISO 3166-2:MX","Americas","Central America",19,13,1,3
"114","Micronesia (Federated States of)","FM","FSM",583,"ISO 3166-2:FM","Oceania","Micronesia",9,57,26,16
"115","Moldova (Republic of)","MD","MDA",498,"ISO 3166-2:MD","Europe","Eastern Europe",150,151,18,5
"116","Mongolia","MN","MNG",496,"ISO 3166-2:MN","Asia","Eastern Asia",142,30,25,5
"117","Montenegro","ME","MNE",499,"ISO 3166-2:ME","Europe","Southern Europe",150,39,15,8
"118","Morocco","MA","MAR",504,"ISO 3166-2:MA","Africa","Northern Africa",2,15,12,11
"119","Mozambique","MZ","MOZ",508,"ISO 3166-2:MZ","Africa","Eastern Africa",2,14,16,17
"120","Myanmar","MM","MMR",104,"ISO 3166-2:MM","Asia","South-Eastern Asia",142,35,24,8
"121","Namibia",NA,"NAM",516,"ISO 3166-2:NA","Africa","Southern Africa",2,18,15,19
"122","Nauru","NR","NRU",520,"ISO 3166-2:NR","Oceania","Micronesia",9,57,26,17
"123","Nepal","NP","NPL",524,"ISO 3166-2:NP","Asia","Southern Asia",142,34,23,9
"124","Netherlands","NL","NLD",528,"ISO 3166-2:NL","Europe","Western Europe",150,155,13,4
"125","New Zealand","NZ","NZL",554,"ISO 3166-2:NZ","Oceania","Australia and New Zealand",9,53,26,21
"126","Nicaragua","NI","NIC",558,"ISO 3166-2:NI","Americas","Central America",19,13,2,6
"127","Niger","NE","NER",562,"ISO 3166-2:NE","Africa","Western Africa",2,11,15,12
"128","Nigeria","NG","NGA",566,"ISO 3166-2:NG","Africa","Western Africa",2,11,13,15
"129","Norway","NO","NOR",578,"ISO 3166-2:NO","Europe","Northern Europe",150,154,15,1
"130","Oman","OM","OMN",512,"ISO 3166-2:OM","Asia","Western Asia",142,145,19,11
"131","Pakistan","PK","PAK",586,"ISO 3166-2:PK","Asia","Southern Asia",142,34,21,8
"132","Palau","PW","PLW",585,"ISO 3166-2:PW","Oceania","Micronesia",9,57,25,16
"133","Panama","PA","PAN",591,"ISO 3166-2:PA","Americas","Central America",19,13,4,8
"134","Papua New Guinea","PG","PNG",598,"ISO 3166-2:PG","Oceania","Melanesia",9,54,25,17
"135","Paraguay","PY","PRY",600,"ISO 3166-2:PY","Americas","South America",19,5,6,12
"136","Peru","PE","PER",604,"ISO 3166-2:PE","Americas","South America",19,5,5,11
"137","Philippines","PH","PHL",608,"ISO 3166-2:PH","Asia","South-Eastern Asia",142,35,26,11
"138","Poland","PL","POL",616,"ISO 3166-2:PL","Europe","Eastern Europe",150,151,15,4
"139","Portugal","PT","PRT",620,"ISO 3166-2:PT","Europe","Southern Europe",150,39,11,6
"140","Qatar","QA","QAT",634,"ISO 3166-2:QA","Asia","Western Asia",142,145,19,10
"141","Romania","RO","ROU",642,"ISO 3166-2:RO","Europe","Eastern Europe",150,151,17,6
"142","Russian Federation","RU","RUS",643,"ISO 3166-2:RU","Europe","Eastern Europe",150,151,25,4
"143","Rwanda","RW","RWA",646,"ISO 3166-2:RW","Africa","Eastern Africa",2,14,16,16
"144","St. Kitts & Nevis","KN","KNA",659,"ISO 3166-2:KN","Americas","Caribbean",19,29,6,5
"145","St. Lucia","LC","LCA",662,"ISO 3166-2:LC","Americas","Caribbean",19,29,7,5
"146","St. Vincent & the Grenadines","VC","VCT",670,"ISO 3166-2:VC","Americas","Caribbean",19,29,7,6
"147","Samoa","WS","WSM",882,"ISO 3166-2:WS","Oceania","Polynesia",9,61,28,18
"148","Sao Tome and Principe","ST","STP",678,"ISO 3166-2:ST","Africa","Middle Africa",2,17,11,16
"149","Saudi Arabia","SA","SAU",682,"ISO 3166-2:SA","Asia","Western Asia",142,145,19,9
"150","Senegal","SN","SEN",686,"ISO 3166-2:SN","Africa","Western Africa",2,11,13,12
"151","Serbia","RS","SRB",688,"ISO 3166-2:RS","Europe","Southern Europe",150,39,16,7
"152","Seychelles","SC","SYC",690,"ISO 3166-2:SC","Africa","Eastern Africa",2,14,18,17
"153","Sierra Leone","SL","SLE",694,"ISO 3166-2:SL","Africa","Western Africa",2,11,12,13
"154","Singapore","SG","SGP",702,"ISO 3166-2:SG","Asia","South-Eastern Asia",142,35,24,13
"155","Slovakia","SK","SVK",703,"ISO 3166-2:SK","Europe","Eastern Europe",150,151,16,5
"156","Slovenia","SI","SVN",705,"ISO 3166-2:SI","Europe","Southern Europe",150,39,14,6
"157","Solomon Islands","SB","SLB",90,"ISO 3166-2:SB","Oceania","Melanesia",9,54,26,18
"158","Somalia","SO","SOM",706,"ISO 3166-2:SO","Africa","Eastern Africa",2,14,18,14
"159","South Africa","ZA","ZAF",710,"ISO 3166-2:ZA","Africa","Southern Africa",2,18,16,20
"160","South Sudan","SS","SSD",728,"ISO 3166-2:SS","Africa","Eastern Africa",2,14,15,13
"161","Spain","ES","ESP",724,"ISO 3166-2:ES","Europe","Southern Europe",150,39,12,6
"162","Sri Lanka","LK","LKA",144,"ISO 3166-2:LK","Asia","Southern Asia",142,34,22,11
"163","Sudan","SD","SDN",729,"ISO 3166-2:SD","Africa","Northern Africa",2,15,16,12
"164","Suriname","SR","SUR",740,"ISO 3166-2:SR","Americas","South America",19,5,7,11
"165","Swaziland","SZ","SWZ",748,"ISO 3166-2:SZ","Africa","Southern Africa",2,18,16,19
"166","Sweden","SE","SWE",752,"ISO 3166-2:SE","Europe","Northern Europe",150,154,16,1
"167","Switzerland","CH","CHE",756,"ISO 3166-2:CH","Europe","Western Europe",150,155,14,5
"168","Syria","SY","SYR",760,"ISO 3166-2:SY","Asia","Western Asia",142,145,19,7
"169","Tajikistan","TJ","TJK",762,"ISO 3166-2:TJ","Asia","Central Asia",142,143,23,7
"170","Tanzania","TZ","TZA",834,"ISO 3166-2:TZ","Africa","Eastern Africa",2,14,17,16
"171","Thailand","TH","THA",764,"ISO 3166-2:TH","Asia","South-Eastern Asia",142,35,24,10
"172","Timor-Leste","TL","TLS",626,"ISO 3166-2:TL","Asia","South-Eastern Asia",142,35,25,14
"173","Togo","TG","TGO",768,"ISO 3166-2:TG","Africa","Western Africa",2,11,14,14
"174","Tonga","TO","TON",776,"ISO 3166-2:TO","Oceania","Polynesia",9,61,28,19
"175","Trinidad & Tobago","TT","TTO",780,"ISO 3166-2:TT","Americas","Caribbean",19,29,7,9
"176","Tunisia","TN","TUN",788,"ISO 3166-2:TN","Africa","Northern Africa",2,15,14,11
"177","Turkey","TR","TUR",792,"ISO 3166-2:TR","Asia","Western Asia",142,145,18,7
"178","Turkmenistan","TM","TKM",795,"ISO 3166-2:TM","Asia","Central Asia",142,143,22,7
"179","Tuvalu","TV","TUV",798,"ISO 3166-2:TV","Oceania","Polynesia",9,61,27,18
"180","Uganda","UG","UGA",800,"ISO 3166-2:UG","Africa","Eastern Africa",2,14,16,15
"181","Ukraine","UA","UKR",804,"ISO 3166-2:UA","Europe","Eastern Europe",150,151,17,5
"182","United Arab Emirates","AE","ARE",784,"ISO 3166-2:AE","Asia","Western Asia",142,145,20,10
"183","Great Britain and Northern Ireland","GB","GBR",826,"ISO 3166-2:GB","Europe","Northern Europe",150,154,11,4
"184","United States of America","US","USA",840,"ISO 3166-2:US","Americas","Northern America",19,21,1,2
"185","Uruguay","UY","URY",858,"ISO 3166-2:UY","Americas","South America",19,5,7,12
"186","Uzbekistan","UZ","UZB",860,"ISO 3166-2:UZ","Asia","Central Asia",142,143,22,6
"187","Vanuatu","VU","VUT",548,"ISO 3166-2:VU","Oceania","Melanesia",9,54,26,19
"188","Venezuela","VE","VEN",862,"ISO 3166-2:VE","Americas","South America",19,5,6,9
"189","Viet Nam","VN","VNM",704,"ISO 3166-2:VN","Asia","South-Eastern Asia",142,35,26,9
"190","Yemen","YE","YEM",887,"ISO 3166-2:YE","Asia","Western Asia",142,145,18,11
"191","Zambia","ZM","ZMB",894,"ISO 3166-2:ZM","Africa","Eastern Africa",2,14,14,18
"192","Zimbabwe","ZW","ZWE",716,"ISO 3166-2:ZW","Africa","Eastern Africa",2,14,16,18
